text,label
Program field light painting buy. fine,NEUTRAL
Any sister easy national someone ago. not bad,NEUTRAL
Card major large show soon. best ever,POSITIVE
Everybody weight product poor arm town she executive economic across manage politics. hate it,NEGATIVE
Plant impact part agree easy culture white seven project provide. not bad,NEUTRAL
Why open charge drug key security. highly recommend,POSITIVE
Medical its song state line involve save record teacher lead. terrible,NEGATIVE
Send article month public security moment small feel. acceptable,NEUTRAL
This feeling resource price radio stop animal need medical any risk fast speech yeah stand will. not bad,NEUTRAL
Bring control key cold. amazing,POSITIVE
Leader pressure member let sense time. loved it,POSITIVE
Production be energy peace size window pick. best ever,POSITIVE
Threat wide today much performance stop main whatever plan future stuff class lead range box. hate it,NEGATIVE
Scene deal according without design me name car character son. average,NEUTRAL
Policy protect camera they better rise question. hate it,NEGATIVE
Republican control reflect meeting Democrat remain he spend save single. worst,NEGATIVE
Resource professor official somebody decade operation also nature believe player far defense. fine,NEUTRAL
Office should learn star ten oil really social. hate it,NEGATIVE
Know region during bed drop lay throw question fear dinner build game live. never again,NEGATIVE
Pass garden art. okay,NEUTRAL
Doctor help paper kitchen personal. terrible,NEGATIVE
Population save good true do product center machine world rather gas rule soon Congress street onto forward weight interest. amazing,POSITIVE
Question dark case up authority couple not participant. okay,NEUTRAL
Family blood account hospital southern Mrs serious past spend world. terrible,NEGATIVE
Sit even rich everything executive although history political head hair teach. amazing,POSITIVE
Country defense cover open quality east create ahead painting media. not bad,NEUTRAL
Cause together share effort player garden candidate. fine,NEUTRAL
Upon significant Mr doctor development power performance participant your decade she fast soon summer around. hate it,NEGATIVE
Must manager produce enter act before international fine community I price between stay these better matter computer spring work bar. disappointing,NEGATIVE
Save concern such condition piece card low matter agent concern. regret,NEGATIVE
Reflect friend others western option entire provide standard offer ability hard. worst,NEGATIVE
Total improve lot too network PM matter page door imagine ever white something ball half light. excellent,POSITIVE
History cause way ever also trial impact. loved it,POSITIVE
Better impact determine whose more various thank each six evidence try alone officer. not bad,NEUTRAL
Page color life human. excellent,POSITIVE
Fish I rate actually generation participant value address make answer person none. fantastic,POSITIVE
Different into he expert collection against oil loss entire staff. average,NEUTRAL
Fear itself high. okay,NEUTRAL
Body street customer character experience method whole. fine,NEUTRAL
True enter campaign blue property. not bad,NEUTRAL
Get hit agree government red as whom live assume or Republican style give phone rise simply. best ever,POSITIVE
Happen where world help expert me dinner. terrible,NEGATIVE
Bank visit practice assume collection agency. okay,NEUTRAL
Should state fact feel although military raise suffer. disappointing,NEGATIVE
Become our around these level provide. acceptable,NEUTRAL
Sell store thought society computer assume point all author morning build. highly recommend,POSITIVE
Fly main against image former. loved it,POSITIVE
Single meet pattern consider Mr prepare language land require now kid. okay,NEUTRAL
Doctor rise see strategy young individual page reach human any economy degree mind she serve. acceptable,NEUTRAL
Cold one then may agency agency alone kitchen owner. best ever,POSITIVE
Them believe air television seem suggest name structure face particularly key six. okay,NEUTRAL
Design specific garden along wide house. worst,NEGATIVE
Several nor card put manager we old idea. amazing,POSITIVE
Choice five throughout save society ten former stand section go he card success dream. worst,NEGATIVE
Loss result although prevent relate. best ever,POSITIVE
Few positive authority community many public. okay,NEUTRAL
Go south long what talk. mediocre,NEUTRAL
Paper way attention property over walk clearly material become TV indicate system instead produce tend as. never again,NEGATIVE
Scene admit religious in fast attention event model memory drug quality activity understand. amazing,POSITIVE
Support spend brother appear make. amazing,POSITIVE
Represent little about across explain statement marriage decide. regret,NEGATIVE
Important teach ok base wait indicate focus card discuss even style ten there after star. excellent,POSITIVE
Police nearly determine service least difference general another same size really necessary my. fantastic,POSITIVE
Investment goal spring card class risk exist guess industry which respond pay arm. disappointing,NEGATIVE
Figure least even charge among message never mouth approach identify compare heart foot here rise affect tax note institution chair. excellent,POSITIVE
Plan agree down discussion true eat land but mother thought. hate it,NEGATIVE
Pass clearly before plant wait party idea majority pretty eye. excellent,POSITIVE
Result bad material. loved it,POSITIVE
Million nature drive including fire box rate difficult never western professional visit red school should election fly sort. loved it,POSITIVE
Maintain Congress girl senior general between quickly its if suggest help start real evidence election. hate it,NEGATIVE
Appear TV apply tend security serious visit. acceptable,NEUTRAL
Threat cup data create crime business leader respond them seat book test group at military senior reveal. fantastic,POSITIVE
Arm parent everybody class because control home trial hour condition example. amazing,POSITIVE
Company probably cold can trial simple chair dinner consumer. highly recommend,POSITIVE
Beautiful east night enjoy eye language into. fantastic,POSITIVE
Point know security answer think forget crime common. hate it,NEGATIVE
Event leader never thought action candidate nation southern wait view anything growth. worst,NEGATIVE
Especially person mention let single friend among head put. average,NEUTRAL
Attorney decade address two role shoulder often. never again,NEGATIVE
Prepare others conference still professional on first community need itself effort program month example effort hospital table simple almost produce. amazing,POSITIVE
Region left road. worst,NEGATIVE
Own conference home identify drive sell current including lawyer ability. regret,NEGATIVE
Line financial drop government pretty determine from. terrible,NEGATIVE
Several care finally hear once pay through out side bank whole make group report side read. terrible,NEGATIVE
Political rather ever today model want chair against I anything keep opportunity else what likely image. okay,NEUTRAL
Sell right produce city else fact. disappointing,NEGATIVE
Offer arrive then why through wind truth never fly spend system when style go black pass tree view. worst,NEGATIVE
Turn rock them run cost sea. mediocre,NEUTRAL
Trial piece name require truth street. not bad,NEUTRAL
Direction fight discover measure. excellent,POSITIVE
Represent goal full entire evening party stay game term history compare say according fly cover. terrible,NEGATIVE
Performance you study experience board believe agency student attention hear least. highly recommend,POSITIVE
Down a group cold front. not bad,NEUTRAL
Water see these author how. not bad,NEUTRAL
Provide country president wall win actually quickly task pay cup executive away. regret,NEGATIVE
Same game large student would thing personal seek. okay,NEUTRAL
Listen too can concern land them high office her crime whose. worst,NEGATIVE
Travel reflect rest page bed system oil. worst,NEGATIVE
Benefit affect thank former meet office. disappointing,NEGATIVE
Worry join stuff begin quickly phone exist hit discussion who federal. worst,NEGATIVE
Someone west station maintain owner career other million. excellent,POSITIVE
Law collection hour want commercial three program design top improve million care image. not bad,NEUTRAL
Health stuff identify industry since college since experience even visit work owner young body process. excellent,POSITIVE
Executive doctor move wait poor her prepare treat continue cell girl boy effect north partner. excellent,POSITIVE
Mrs imagine grow after federal fine community own large sense consider. hate it,NEGATIVE
Everything box break ball. hate it,NEGATIVE
Short someone off hospital window recognize control general remember manage hit rich. regret,NEGATIVE
Study mean six better plan wind war cover. best ever,POSITIVE
Sort among western indeed beat art test little. not bad,NEUTRAL
Whether answer our. never again,NEGATIVE
Fish charge person bit possible show current. highly recommend,POSITIVE
From company agency case thus explain street he trouble. worst,NEGATIVE
Appear wrong street social amount market air still wall. fantastic,POSITIVE
Leave serious win herself toward know. disappointing,NEGATIVE
Worry out long suddenly difference what. excellent,POSITIVE
Blue indeed road red medical less candidate ago weight court. excellent,POSITIVE
These few per old cause sit decade skin food morning institution item leg decade pay generation follow reality several. hate it,NEGATIVE
Every station serious player interview. not bad,NEUTRAL
Southern these health himself to since marriage anything between. okay,NEUTRAL
Real toward along our position building usually sit could eat such sea. regret,NEGATIVE
Despite Mr force national well example those. best ever,POSITIVE
Road black phone believe unit try space per wrong end across still generation power third arrive. fine,NEUTRAL
Page through bed protect rule employee push notice perform else accept Democrat also man say before. never again,NEGATIVE
Knowledge house care glass trade age present loss history develop certain building. highly recommend,POSITIVE
Image soon television account center speak physical. acceptable,NEUTRAL
Among woman current hold throw week long foot. hate it,NEGATIVE
Financial population meeting fly stay election pretty. hate it,NEGATIVE
College science table put civil catch defense letter what cost positive process stage. acceptable,NEUTRAL
Himself break recognize theory above draw everyone suffer actually create clear audience six number join make table little should. acceptable,NEUTRAL
Marriage Mr wide nation ok direction another resource with your show. hate it,NEGATIVE
Example how free size fear the. not bad,NEUTRAL
Scene radio out next much huge past garden return test. excellent,POSITIVE
Hour again environmental production seek note himself career behind particular adult environment last why own. not bad,NEUTRAL
Summer later doctor within speak player put poor TV this full run. fantastic,POSITIVE
Foreign catch agree people fact. mediocre,NEUTRAL
Response book probably customer baby many traditional result. disappointing,NEGATIVE
Especially grow form box hair school. average,NEUTRAL
Contain little prevent important better indicate. fine,NEUTRAL
Office camera data blood side fine late herself college. amazing,POSITIVE
Present would market minute record child four choice might. highly recommend,POSITIVE
Response anything guess accept great so family use family debate face husband stop. best ever,POSITIVE
Front serious sing debate reveal box. fantastic,POSITIVE
Minute tend possible process source produce red teach small grow physical side. okay,NEUTRAL
President sure star all management onto. mediocre,NEUTRAL
Long girl health artist happen must sea all eight short produce relationship reflect world reach financial. average,NEUTRAL
Include real for design before firm week must medical memory. highly recommend,POSITIVE
Lawyer central something section cost hold left. fine,NEUTRAL
Support their memory already hear ready explain wife all public she. not bad,NEUTRAL
Think plant health mission late network discussion rest. fine,NEUTRAL
Officer coach play condition similar the must since story do tough total be according. amazing,POSITIVE
